
{
  "entities": {
    "User": {
      "$schema": "http://json-schema.org/draft-07/schema#",
      "title": "User",
      "type": "object",
      "description": "Represents a user in the CrewUp platform.",
      "properties": {
        "id": {
          "type": "string",
          "description": "Unique identifier for the user entity."
        },
        "name": {
          "type": "string",
          "description": "The user's full name."
        },
        "email": {
          "type": "string",
          "description": "The user's email address.",
          "format": "email"
        },
        "profilePicture": {
          "type": "string",
          "description": "URL of the user's profile picture.",
          "format": "uri"
        },
        "bio": {
          "type": "string",
          "description": "A short biography or description of the user."
        },
        "skills": {
          "type": "array",
          "description": "List of skills possessed by the user.",
          "items": {
            "type": "string"
          }
        }
      },
      "required": [
        "id",
        "name",
        "email"
      ]
    },
    "Opportunity": {
      "$schema": "http://json-schema.org/draft-07/schema#",
      "title": "Opportunity",
      "type": "object",
      "description": "Represents a project, event, or opportunity posted on the platform.",
      "properties": {
        "id": {
          "type": "string",
          "description": "Unique identifier for the opportunity entity."
        },
        "title": {
          "type": "string",
          "description": "The title of the opportunity."
        },
        "description": {
          "type": "string",
          "description": "A detailed description of the opportunity."
        },
        "ownerId": {
          "type": "string",
          "description": "Reference to the User who created this opportunity."
        },
        "creationDate": {
          "type": "string",
          "description": "The date and time the opportunity was created.",
          "format": "date-time"
        },
        "roles": {
          "type": "array",
          "description": "List of roles required for the opportunity.",
          "items": {
            "type": "string"
          }
        },
        "skills": {
          "type": "array",
          "description": "List of skills required for the opportunity.",
          "items": {
            "type": "string"
          }
        }
      },
      "required": [
        "id",
        "title",
        "description",
        "ownerId",
        "creationDate"
      ]
    },
    "JoinRequest": {
      "$schema": "http://json-schema.org/draft-07/schema#",
      "title": "JoinRequest",
      "type": "object",
      "description": "Represents a user's request to join an opportunity. This is stored in a sub-collection of the opportunity.",
      "properties": {
        "id": {
          "type": "string",
          "description": "The UID of the user making the request."
        },
        "requestDate": {
          "type": "string",
          "format": "date-time"
        },
        "userProfile": {
          "type": "object",
          "properties": {
            "uid": {
              "type": "string"
            },
            "displayName": {
              "type": "string"
            },
            "email": {
              "type": "string"
            },
            "photoURL": {
              "type": "string"
            }
          },
          "required": [
            "uid",
            "displayName",
            "email"
          ]
        }
      },
      "required": [
        "id",
        "requestDate",
        "userProfile"
      ]
    },
    "Team": {
      "$schema": "http://json-schema.org/draft-07/schema#",
      "title": "Team",
      "type": "object",
      "description": "Represents a team for collaboration, linked to an opportunity.",
      "properties": {
        "id": {
          "type": "string"
        },
        "ownerId": {
          "type": "string"
        },
        "memberIds": {
          "type": "array",
          "items": {
            "type": "string"
          }
        },
        "createdAt": {
          "type": "string",
          "format": "date-time"
        }
      },
      "required": [
        "id",
        "ownerId",
        "memberIds",
        "createdAt"
      ]
    },
    "ChatMessage": {
      "$schema": "http://json-schema.org/draft-07/schema#",
      "title": "ChatMessage",
      "type": "object",
      "description": "Represents a single chat message within a team's chat room.",
      "properties": {
        "id": {
          "type": "string"
        },
        "text": {
          "type": "string"
        },
        "senderId": {
          "type": "string"
        },
        "senderName": {
          "type": "string"
        },
        "senderPhotoURL": {
          "type": "string",
          "format": "uri"
        },
        "createdAt": {
          "type": "string",
          "format": "date-time"
        }
      },
      "required": [
        "id",
        "text",
        "senderId",
        "senderName",
        "createdAt"
      ]
    },
    "ProjectFile": {
      "$schema": "http://json-schema.org/draft-07/schema#",
      "title": "ProjectFile",
      "type": "object",
      "description": "Represents a file uploaded to a team's file sharing area.",
      "properties": {
        "id": {
          "type": "string"
        },
        "name": {
          "type": "string"
        },
        "url": {
          "type": "string",
          "format": "uri"
        },
        "uploaderId": {
          "type": "string"
        },
        "uploaderName": {
          "type": "string"
        },
        "createdAt": {
          "type": "string",
          "format": "date-time"
        }
      },
      "required": [
        "id",
        "name",
        "url",
        "uploaderId",
        "uploaderName",
        "createdAt"
      ]
    }
  },
  "auth": {
    "providers": [
      "password",
      "anonymous"
    ]
  },
  "firestore": {
    "structure": {
      "/users/{userId}": {
        "schema": {
          "$ref": "#/entities/User"
        },
        "description": "Stores user profile data."
      },
      "/opportunities/{opportunityId}": {
        "schema": {
          "$ref": "#/entities/Opportunity"
        },
        "description": "Stores opportunity data."
      },
      "/opportunities/{opportunityId}/joinRequests/{userId}": {
        "schema": {
          "$ref": "#/entities/JoinRequest"
        },
        "description": "Stores a user's request to join an opportunity."
      },
      "/teams/{teamId}": {
        "schema": {
          "$ref": "#/entities/Team"
        },
        "description": "Represents a team for collaboration."
      },
      "/teams/{teamId}/messages/{messageId}": {
        "schema": {
          "$ref": "#/entities/ChatMessage"
        },
        "description": "Stores chat messages for a specific team."
      },
      "/teams/{teamId}/files/{fileId}": {
        "schema": {
          "$ref": "#/entities/ProjectFile"
        },
        "description": "Stores file metadata for a specific team."
      }
    }
  }
}
